"","DownEventID","UpEventID","DownTime","UpTime","ActionTime","DownEvent","UpEvent","Cursorposition","WordCount","TextChange","Activity"
"1","1","1",1003,1158,155,"Leftclick","Leftclick","0","0","NoChange","Nonproduction"
"2","2","2",148302,148358,56,"g","g","1","1","g","Input"
"3","3","3",148365,148396,31,"f","f","2","1","f","Input"
"4","4","4",148476,148580,104,"h","h","3","1","h","Input"
"5","5","5",148484,148588,104,"g","g","4","1","g","Input"
"6","6","6",148741,148812,71,"h","h","5","1","h","Input"
"7","7","7",148820,148917,97,"c","c","6","1","c","Input"
"8","8","8",149029,149157,128,"c","c","7","1","c","Input"
"9","9","9",149060,149125,65,"Space","Space","8","1"," ","Input"
"10","10","10",149167,149293,126,"v","v","9","2","v","Input"
"11","11","11",149438,149484,46,"g","g","10","2","g","Input"
"12","12","12",149445,149476,31,"f","f","11","2","f","Input"
"13","13","13",150726,150804,78,"f","f","12","2","f","Input"
"14","14","14",150734,150780,46,"g","g","13","2","g","Input"
"15","15","15",150845,150884,39,"c","c","14","2","c","Input"
"16","16","16",150941,151028,87,"f","f","15","2","f","Input"
"17","17","17",150943,151012,69,"g","g","16","2","g","Input"
"18","18","18",152069,152578,509,"Backspace","Backspace","15","2","g","Remove/Cut"
"19","19","19",152578,152610,32,"Backspace","Backspace","14","2","f","Remove/Cut"
"20","20","20",152610,152641,31,"Backspace","Backspace","13","2","c","Remove/Cut"
"21","21","21",152641,152673,32,"Backspace","Backspace","12","2","g","Remove/Cut"
"22","22","22",152673,152703,30,"Backspace","Backspace","11","2","f","Remove/Cut"
"23","23","23",152703,152749,46,"Backspace","Backspace","10","2","f","Remove/Cut"
"24","24","24",152749,152780,31,"Backspace","Backspace","9","2","g","Remove/Cut"
"25","25","25",152780,152810,30,"Backspace","Backspace","8","1","v","Remove/Cut"
"26","26","26",152810,152841,31,"Backspace","Backspace","7","1"," ","Remove/Cut"
"27","27","27",152841,152873,32,"Backspace","Backspace","6","1","c","Remove/Cut"
"28","28","28",152873,152907,34,"Backspace","Backspace","5","1","c","Remove/Cut"
"29","29","29",152907,152936,29,"Backspace","Backspace","4","1","h","Remove/Cut"
"30","30","30",152936,152967,31,"Backspace","Backspace","3","1","g","Remove/Cut"
"31","31","31",152967,153012,45,"Backspace","Backspace","2","1","h","Remove/Cut"
"32","32","32",153012,153043,31,"Backspace","Backspace","1","1","f","Remove/Cut"
"33","33","33",153043,153074,31,"Backspace","Backspace","0","0","g","Remove/Cut"
"34","34","34",153074,153105,31,"Backspace","Backspace","0","0","NoChange","Nonproduction"
"35","35","35",153105,153137,32,"Backspace","Backspace","0","0","NoChange","Nonproduction"
"36","36","36",153137,153167,30,"Backspace","Backspace","0","0","NoChange","Nonproduction"
"37","37","37",153167,153198,31,"Backspace","Backspace","0","0","NoChange","Nonproduction"
"38","38","38",153198,153229,31,"Backspace","Backspace","0","0","NoChange","Nonproduction"
"39","39","39",153229,153277,48,"Backspace","Backspace","0","0","NoChange","Nonproduction"
"40","40","40",153277,153309,32,"Backspace","Backspace","0","0","NoChange","Nonproduction"
"41","41","41",153309,153341,32,"Backspace","Backspace","0","0","NoChange","Nonproduction"
"42","42","42",153341,153373,32,"Backspace","Backspace","0","0","NoChange","Nonproduction"
"43","43","43",153373,153404,31,"Backspace","Backspace","0","0","NoChange","Nonproduction"
"44","44","44",153404,153435,31,"Backspace","Backspace","0","0","NoChange","Nonproduction"
"45","45","45",153435,153469,34,"Backspace","Backspace","0","0","NoChange","Nonproduction"
"46","46","46",153469,153499,30,"Backspace","Backspace","0","0","NoChange","Nonproduction"
"47","47","47",153499,153524,25,"Backspace","Backspace","0","0","NoChange","Nonproduction"
"48","48","48",169199,169199,0,"Shift","Shift","0","0","NoChange","Nonproduction"
"49","49","49",169437,169518,81,"I","I","1","1","I","Input"
"50","50","50",169814,169894,80,"Space","Space","2","1"," ","Input"
"51","51","51",169936,170014,78,"f","f","3","2","f","Input"
"52","52","52",170286,170342,56,"Backspace","Backspace","2","1","f","Remove/Cut"
"53","53","53",171278,171349,71,"f","f","3","2","f","Input"
"54","54","54",171462,171549,87,"Space","Space","4","2"," ","Input"
"55","55","55",171726,171774,48,"t","t","5","3","t","Input"
"56","56","56",171894,171965,71,"h","h","6","3","h","Input"
"57","57","57",171950,172030,80,"e","e","7","3","e","Input"
"58","58","58",172078,172150,72,"y","y","8","3","y","Input"
"59","59","59",172318,172390,72,"Space","Space","9","3"," ","Input"
"60","60","60",172790,172869,79,"o","o","10","4","o","Input"
"61","61","61",173270,173334,64,"Backspace","Backspace","9","3","o","Remove/Cut"
"62","62","62",174974,175038,64,"Backspace","Backspace","8","3"," ","Remove/Cut"
"63","63","63",175158,175238,80,"Backspace","Backspace","7","3","y","Remove/Cut"
"64","64","64",175326,175405,79,"Backspace","Backspace","6","3","e","Remove/Cut"
"65","65","65",175494,175574,80,"Backspace","Backspace","5","3","h","Remove/Cut"
"66","66","66",175662,175734,72,"Backspace","Backspace","4","2","t","Remove/Cut"
"67","67","67",175846,175909,63,"Backspace","Backspace","3","2"," ","Remove/Cut"
"68","68","68",176006,176077,71,"Backspace","Backspace","2","1","f","Remove/Cut"
"69","69","69",176174,176222,48,"Backspace","Backspace","1","1"," ","Remove/Cut"
"70","70","70",176318,176381,63,"Backspace","Backspace","0","0","I","Remove/Cut"
"71","71","71",177023,177023,0,"Shift","Shift","0","0","NoChange","Nonproduction"
"72","72","72",177271,177350,79,"I","I","1","1","I","Input"
"73","73","73",177558,177629,71,"f","f","2","1","f","Input"
"74","74","74",177782,177846,64,"Space","Space","3","1"," ","Input"
"75","75","75",178191,178245,54,"t","t","4","2","t","Input"
"76","76","76",178366,178437,71,"h","h","5","2","h","Input"
"77","77","77",178462,178524,62,"e","e","6","2","e","Input"
"78","78","78",178582,178645,63,"y","y","7","2","y","Input"
"79","79","79",178846,178909,63,"Space","Space","8","2"," ","Input"
"80","80","80",179014,179061,47,"f","f","9","3","f","Input"
"81","81","81",179647,179709,62,"o","o","10","3","o","Input"
"82","82","82",179830,179910,80,"c","c","11","3","c","Input"
"83","83","83",179974,180053,79,"u","u","12","3","u","Input"
"84","84","84",180142,180238,96,"s","s","13","3","s","Input"
"85","85","85",180318,180382,64,"Space","Space","14","3"," ","Input"
"86","86","86",181366,181454,88,"o","o","15","4","o","Input"
"87","87","87",181590,181653,63,"n","n","16","4","n","Input"
"88","88","88",181974,182046,72,"g","g","17","4","g","Input"
"89","89","89",182566,182637,71,"Backspace","Backspace","16","4","g","Remove/Cut"
"90","90","90",182950,183045,95,"Space","Space","17","4"," ","Input"
"91","91","91",183639,183701,62,"g","g","18","5","g","Input"
"92","92","92",183855,183949,94,"a","a","19","5","a","Input"
"93","93","93",184047,184117,70,"o","o","20","5","o","Input"
"94","94","94",184254,184333,79,"s","s","21","5","s","Input"
"95","95","95",184406,184469,63,"l","l","22","5","l","Input"
"96","96","96",184734,184806,72,"Space","Space","23","5"," ","Input"
"97","97","97",185166,185237,71,"Backspace","Backspace","22","5"," ","Remove/Cut"
"98","98","98",185327,185413,86,"Backspace","Backspace","21","5","l","Remove/Cut"
"99","99","99",185486,185565,79,"Backspace","Backspace","20","5","s","Remove/Cut"
"100","100","100",186006,186110,104,"Backspace","Backspace","19","5","o","Remove/Cut"
"101","101","101",187974,188101,127,"Backspace","Backspace","18","5","a","Remove/Cut"
"102","102","102",188335,188413,78,"o","o","19","5","o","Input"
"103","103","103",188542,188653,111,"a","a","20","5","a","Input"
"104","104","104",188703,188781,78,"l","l","21","5","l","Input"
"105","105","105",188926,189005,79,"s","s","22","5","s","Input"
"106","106","106",189094,189141,47,"Space","Space","23","5"," ","Input"
"107","107","107",190047,190117,70,"t","t","24","6","t","Input"
"108","108","108",190223,190309,86,"h","h","25","6","h","Input"
"109","109","109",190320,190413,93,"e","e","26","6","e","Input"
"110","110","110",190494,190565,71,"y","y","27","6","y","Input"
"111","111","111",190774,190837,63,"Space","Space","28","6"," ","Input"
"112","112","112",192542,192645,103,"Backspace","Backspace","27","6"," ","Remove/Cut"
"113","113","113",192750,192813,63,"Backspace","Backspace","26","6","y","Remove/Cut"
"114","114","114",192934,192989,55,"Backspace","Backspace","25","6","e","Remove/Cut"
"115","115","115",193470,193557,87,"Backspace","Backspace","24","6","h","Remove/Cut"
"116","116","116",193758,193845,87,"Backspace","Backspace","23","5","t","Remove/Cut"
"117","117","117",194454,194549,95,"Space","Space","24","5"," ","Input"
"118","118","118",195166,195221,55,"Backspace","Backspace","23","5"," ","Remove/Cut"
"119","119","119",399778,399834,56,"j","j","24","6","j","Input"
"120","120","120",399788,399882,94,"h","h","25","6","h","Input"
"121","121","121",399984,400051,67,"j","j","26","6","j","Input"
"122","122","122",400976,401035,59,"Backspace","Backspace","25","6","j","Remove/Cut"
"123","123","123",401128,401195,67,"Backspace","Backspace","24","6","h","Remove/Cut"
"124","124","124",401472,401547,75,"Backspace","Backspace","23","5","j","Remove/Cut"
"125","125","125",439921,439970,49,"t","t","24","6","t","Input"
"126","126","126",440097,440178,81,"h","h","25","6","h","Input"
"127","127","127",440216,440318,102,"e","e","26","6","e","Input"
"128","128","128",440313,440370,57,"y","y","27","6","y","Input"
"129","129","129",440545,440618,73,"Space","Space","28","6"," ","Input"
"130","130","130",441353,441418,65,"i","i","29","7","i","Input"
"131","131","131",441552,441626,74,"l","l","30","7","l","Input"
"132","132","132",441704,441769,65,"l","l","31","7","l","Input"
"133","133","133",441976,442050,74,"Space","Space","32","7"," ","Input"
"134","134","134",442688,442699,11,"Backspace","Backspace","31","7"," ","Remove/Cut"
"135","135","135",442816,442874,58,"Backspace","Backspace","30","7","l","Remove/Cut"
"136","136","136",442976,443041,65,"Backspace","Backspace","29","7","l","Remove/Cut"
"137","137","137",443640,443706,66,"Backspace","Backspace","28","6","i","Remove/Cut"
"138","138","138",444481,444578,97,"w","w","29","7","w","Input"
"139","139","139",444787,444833,46,"i","i","30","7","i","Input"
"140","140","140",445209,445258,49,"l","l","31","7","l","Input"
"141","141","141",445344,445386,42,"l","l","32","7","l","Input"
"142","142","142",445584,445649,65,"Space","Space","33","7"," ","Input"
"143","143","143",445969,446026,57,"b","b","34","8","b","Input"
"144","144","144",446112,446194,82,"e","e","35","8","e","Input"
"145","145","145",446304,446378,74,"Space","Space","36","8"," ","Input"
"146","146","146",446593,446658,65,"v","v","37","9","v","Input"
"147","147","147",446736,446825,89,"e","e","38","9","e","Input"
"148","148","148",446784,446866,82,"r","r","39","9","r","Input"
"149","149","149",446929,446986,57,"y","y","40","9","y","Input"
"150","150","150",447160,447234,74,"Space","Space","41","9"," ","Input"
"151","151","151",447368,447410,42,"h","h","42","10","h","Input"
"152","152","152",447472,447562,90,"a","a","43","10","a","Input"
"153","153","153",447681,447746,65,"p","p","44","10","p","Input"
"154","154","154",447800,447849,49,"p","p","45","10","p","Input"
"155","155","155",448033,448098,65,"y","y","46","10","y","Input"
"156","156","156",448289,448354,65,"Space","Space","47","10"," ","Input"
"157","157","157",448400,448498,98,"a","a","48","11","a","Input"
"158","158","158",448568,448634,66,"b","b","49","11","b","Input"
"159","159","159",448688,448746,58,"d","d","50","11","d","Input"
"160","160","160",448840,448898,58,"Space","Space","51","11"," ","Input"
"161","161","161",449344,449386,42,"Backspace","Backspace","50","11"," ","Remove/Cut"
"162","162","162",449488,449521,33,"Backspace","Backspace","49","11","d","Remove/Cut"
"163","163","163",449624,449650,26,"Backspace","Backspace","48","11","b","Remove/Cut"
"164","164","164",450601,450667,66,"n","n","49","11","n","Input"
"165","165","165",450785,450858,73,"d","d","50","11","d","Input"
"166","166","166",450874,450946,72,"Space","Space","51","11"," ","Input"
"167","167","167",451096,451145,49,"i","i","52","12","i","Input"
"168","168","168",451288,451354,66,"Space","Space","53","12"," ","Input"
"169","169","169",451432,451546,114,"f","f","54","13","f","Input"
"170","170","170",451632,451730,98,"e","e","55","13","e","Input"
"171","171","171",451792,451873,81,"e","e","56","13","e","Input"
"172","172","172",451905,451970,65,"l","l","57","13","l","Input"
"173","173","173",452144,452218,74,"Space","Space","58","13"," ","Input"
"174","174","174",452529,452691,162,"r","r","59","14","r","Input"
"175","175","175",452680,452786,106,"e","e","60","14","e","Input"
"176","176","176",452936,453034,98,"a","a","61","14","a","Input"
"177","177","177",453080,453146,66,"l","l","62","14","l","Input"
"178","178","178",453177,453258,81,"l","l","63","14","l","Input"
"179","179","179",453865,453930,65,"y","y","64","14","y","Input"
"180","180","180",454113,454178,65,"Space","Space","65","14"," ","Input"
"181","181","181",455296,455330,34,"Backspace","Backspace","64","14"," ","Remove/Cut"
"182","182","182",455896,455954,58,"Space","Space","65","14"," ","Input"
"183","183","183",456176,456225,49,"p","p","66","15","p","Input"
"184","184","184",456328,456402,74,"r","r","67","15","r","Input"
"185","185","185",457833,457897,64,"o","o","68","15","o","Input"
"186","186","186",458050,458113,63,"u","u","69","15","u","Input"
"187","187","187",458272,458346,74,"d","d","70","15","d","Input"
"188","188","188",458616,458674,58,".",".","71","15",".","Input"
"189","189","189",458768,458842,74,"Space","Space","72","15"," ","Input"
"190","190","190",458881,458881,0,"Shift","Shift","72","15","NoChange","Nonproduction"
"191","191","191",459072,459154,82,"I","I","73","16","I","Input"
"192","192","192",459313,459402,89,"t","t","74","16","t","Input"
"193","193","193",459449,459521,72,"Space","Space","75","16"," ","Input"
"194","194","194",459672,459730,58,"i","i","76","17","i","Input"
"195","195","195",459793,459898,105,"s","s","77","17","s","Input"
"196","196","196",459929,459993,64,"Space","Space","78","17"," ","Input"
"197","197","197",460104,460243,139,"r","r","79","18","r","Input"
"198","198","198",460200,460346,146,"e","e","80","18","e","Input"
"199","199","199",460433,460537,104,"a","a","81","18","a","Input"
"200","200","200",460573,460634,61,"l","l","82","18","l","Input"
"201","201","201",460729,460769,40,"l","l","83","18","l","Input"
"202","202","202",460959,461017,58,"y","y","84","18","y","Input"
"203","203","203",461208,461257,49,"Space","Space","85","18"," ","Input"
"204","204","204",462328,462393,65,"i","i","86","19","i","Input"
"205","205","205",462528,462602,74,"n","n","87","19","n","Input"
"206","206","206",462848,462954,106,"t","t","88","19","t","Input"
"207","207","207",463024,463178,154,"e","e","89","19","e","Input"
"208","208","208",463168,463294,126,"r","r","90","19","r","Input"
"209","209","209",463289,463402,113,"e","e","91","19","e","Input"
"210","210","210",463504,463594,90,"s","s","92","19","s","Input"
"211","211","211",463689,463770,81,"t","t","93","19","t","Input"
"212","212","212",463832,463906,74,"i","i","94","19","i","Input"
"213","213","213",464041,464122,81,"n","n","95","19","n","Input"
"214","214","214",464240,464314,74,"g","g","96","19","g","Input"
"215","215","215",464457,464538,81,"Space","Space","97","19"," ","Input"
"216","216","216",464625,464730,105,"a","a","98","20","a","Input"
"217","217","217",464720,464787,67,"n","n","99","20","n","Input"
"218","218","218",464921,464994,73,"d","d","100","20","d","Input"
"219","219","219",465016,465082,66,"Space","Space","101","20"," ","Input"
"220","220","220",465697,465753,56,"i","i","102","21","i","Input"
"221","221","221",465816,465907,91,"a","a","103","21","a","Input"
"222","222","222",465938,466010,72,"m","m","104","21","m","Input"
"223","223","223",466152,466210,58,"Space","Space","105","21"," ","Input"
"224","224","224",466704,466787,83,"s","s","106","22","s","Input"
"225","225","225",466776,466866,90,"o","o","107","22","o","Input"
"226","226","226",467049,467121,72,"Space","Space","108","22"," ","Input"
"227","227","227",468068,468194,126,"a","a","109","23","a","Input"
"228","228","228",468912,468970,58,"Backspace","Backspace","108","22","a","Remove/Cut"
"229","229","229",469128,469290,162,"s","s","109","23","s","Input"
"230","230","230",469273,469426,153,"a","a","110","23","a","Input"
"231","231","231",469969,470042,73,"t","t","111","23","t","Input"
"232","232","232",470153,470218,65,"i","i","112","23","i","Input"
"233","233","233",470337,470377,40,"s","s","113","23","s","Input"
"234","234","234",470497,470594,97,"f","f","114","23","f","Input"
"235","235","235",470688,470753,65,"i","i","115","23","i","Input"
"236","236","236",470848,470921,73,"e","e","116","23","e","Input"
"237","237","237",471008,471065,57,"d","d","117","23","d","Input"
"238","238","238",472072,472113,41,".",".","118","23",".","Input"
"239","239","239",561170,561256,86,"Space","Space","119","23"," ","Input"
"240","240","240",562514,562560,46,"Backspace","Backspace","118","23"," ","Remove/Cut"
"241","241","241",562650,562729,79,"Space","Space","119","23"," ","Input"
"242","242","242",563562,563562,0,"Shift","Shift","119","23","NoChange","Nonproduction"
"243","243","243",563841,563864,23,"I","I","120","24","I","Input"
"244","244","244",564138,564217,79,"t","t","121","24","t","Input"
"245","245","245",564338,564417,79,"Space","Space","122","24"," ","Input"
"246","246","246",564554,564617,63,"i","i","123","25","i","Input"
"247","247","247",564665,564761,96,"s","s","124","25","s","Input"
"248","248","248",564850,564921,71,"Space","Space","125","25"," ","Input"
"249","249","249",566281,566377,96,"e","e","126","26","e","Input"
"250","250","250",566578,566633,55,"n","n","127","26","n","Input"
"251","251","251",566946,566984,38,"h","h","128","26","h","Input"
"252","252","252",567346,567392,46,"Backspace","Backspace","127","26","h","Remove/Cut"
"253","253","253",567617,567681,64,"j","j","128","26","j","Input"
"254","254","254",569153,569200,47,"o","o","129","26","o","Input"
"255","255","255",569386,569440,54,"y","y","130","26","y","Input"
"256","256","256",569546,569617,71,"i","i","131","26","i","Input"
"257","257","257",569746,569825,79,"n","n","132","26","n","Input"
"258","258","258",569961,570016,55,"g","g","133","26","g","Input"
"259","259","259",570154,570225,71,"Space","Space","134","26"," ","Input"
"260","260","260",570243,570361,118,"a","a","135","27","a","Input"
"261","261","261",570387,570456,69,"n","n","136","27","n","Input"
"262","262","262",570522,570577,55,"d","d","137","27","d","Input"
"263","263","263",570625,570697,72,"Space","Space","138","27"," ","Input"
"264","264","264",570833,570888,55,"i","i","139","28","i","Input"
"265","265","265",571025,571105,80,"Space","Space","140","28"," ","Input"
"266","266","266",571153,571289,136,"c","c","141","29","c","Input"
"267","267","267",571307,571401,94,"a","a","142","29","a","Input"
"268","268","268",571420,571473,53,"n","n","143","29","n","Input"
"269","269","269",571593,571657,64,"Space","Space","144","29"," ","Input"
"270","270","270",571874,571937,63,"i","i","145","30","i","Input"
"271","271","271",572058,572137,79,"m","m","146","30","m","Input"
"272","272","272",572210,572321,111,"a","a","147","30","a","Input"
"273","273","273",572433,572488,55,"g","g","148","30","g","Input"
"274","274","274",572617,572689,72,"i","i","149","30","i","Input"
"275","275","275",572810,572889,79,"n","n","150","30","n","Input"
"276","276","276",572922,573009,87,"e","e","151","30","e","Input"
"277","277","277",573081,573153,72,"Space","Space","152","30"," ","Input"
"278","278","278",573322,573377,55,"t","t","153","31","t","Input"
"279","279","279",573514,573585,71,"h","h","154","31","h","Input"
"280","280","280",573681,573753,72,"e","e","155","31","e","Input"
"281","281","281",573849,573920,71,"Space","Space","156","31"," ","Input"
"282","282","282",582018,582080,62,"h","h","157","32","h","Input"
"283","283","283",582218,582321,103,"a","a","158","32","a","Input"
"284","284","284",582458,582537,79,"p","p","159","32","p","Input"
"285","285","285",582610,582663,53,"p","p","160","32","p","Input"
"286","286","286",582810,582865,55,"i","i","161","32","i","Input"
"287","287","287",583009,583105,96,"n","n","162","32","n","Input"
"288","288","288",583193,583281,88,"e","e","163","32","e","Input"
"289","289","289",583401,583472,71,"s","s","164","32","s","Input"
"290","290","290",583586,583608,22,"s","s","165","32","s","Input"
"291","291","291",584202,584273,71,"Space","Space","166","32"," ","Input"
"292","292","292",585594,585729,135,"b","b","167","33","b","Input"
"293","293","293",586834,586897,63,"Backspace","Backspace","166","32","b","Remove/Cut"
"294","294","294",587058,587137,79,"a","a","167","33","a","Input"
"295","295","295",587250,587313,63,"n","n","168","33","n","Input"
"296","296","296",587386,587457,71,"d","d","169","33","d","Input"
"297","297","297",587514,587585,71,"Space","Space","170","33"," ","Input"
"298","298","298",587730,587776,46,"i","i","171","34","i","Input"
"299","299","299",588034,588088,54,"t","t","172","34","t","Input"
"300","300","300",588257,588337,80,"Space","Space","173","34"," ","Input"
"301","301","301",588498,588552,54,"u","u","174","35","u","Input"
"302","302","302",588642,588737,95,"s","s","175","35","s","Input"
"303","303","303",588802,588865,63,"Space","Space","176","35"," ","Input"
"304","304","304",589906,589960,54,"t","t","177","36","t","Input"
"305","305","305",590090,590152,62,"h","h","178","36","h","Input"
"306","306","306",590234,590289,55,"e","e","179","36","e","Input"
"307","307","307",590354,590416,62,"Space","Space","180","36"," ","Input"
"308","308","308",590834,590904,70,"g","g","181","37","g","Input"
"309","309","309",591042,591168,126,"r","r","182","37","r","Input"
"310","310","310",591242,591336,94,"e","e","183","37","e","Input"
"311","311","311",591433,591536,103,"a","a","184","37","a","Input"
"312","312","312",591641,591728,87,"t","t","185","37","t","Input"
"313","313","313",591938,592008,70,"Space","Space","186","37"," ","Input"
"314","314","314",592418,592480,62,"h","h","187","38","h","Input"
"315","315","315",592593,592680,87,"a","a","188","38","a","Input"
"316","316","316",593426,593489,63,"p","p","189","38","p","Input"
"317","317","317",593553,593608,55,"p","p","190","38","p","Input"
"318","318","318",593769,593824,55,"i","i","191","38","i","Input"
"319","319","319",594378,594472,94,"n","n","192","38","n","Input"
"320","320","320",594601,594689,88,"e","e","193","38","e","Input"
"321","321","321",594818,594879,61,"s","s","194","38","s","Input"
"322","322","322",594970,595039,69,"s","s","195","38","s","Input"
"323","323","323",710891,710942,51,".",".","196","38",".","Input"
"324","324","324",711098,711183,85,"Space","Space","197","38"," ","Input"
"325","325","325",711315,711315,0,"Shift","Shift","197","38","NoChange","Nonproduction"
"326","326","326",711588,711655,67,"T","t","198","39","T","Input"
"327","327","327",711787,711854,67,"h","h","199","39","h","Input"
"328","328","328",711978,712039,61,"i","i","200","39","i","Input"
"329","329","329",712131,712216,85,"s","s","201","39","s","Input"
"330","330","330",712237,712319,82,"Space","Space","202","39"," ","Input"
"331","331","331",712435,712486,51,"i","i","203","40","i","Input"
"332","332","332",712563,712631,68,"s","s","204","40","s","Input"
"333","333","333",712683,712767,84,"Space","Space","205","40"," ","Input"
"334","334","334",713315,713358,43,"t","t","206","41","t","Input"
"335","335","335",713515,713582,67,"h","h","207","41","h","Input"
"336","336","336",713659,713735,76,"e","e","208","41","e","Input"
"337","337","337",713819,713887,68,"Space","Space","209","41"," ","Input"
"338","338","338",714011,714079,68,"b","b","210","42","b","Input"
"339","339","339",714131,714207,76,"e","e","211","42","e","Input"
"340","340","340",714307,714383,76,"s","s","212","42","s","Input"
"341","341","341",714451,714502,51,"t","t","213","42","t","Input"
"342","342","342",714691,714743,52,"Space","Space","214","42"," ","Input"
"343","343","343",715995,716047,52,"t","t","215","43","t","Input"
"344","344","344",716211,716279,68,"h","h","216","43","h","Input"
"345","345","345",716395,716463,68,"i","i","217","43","i","Input"
"346","346","346",716619,716686,67,"n","n","218","43","n","Input"
"347","347","347",716835,716903,68,"g","g","219","43","g","Input"
"348","348","348",716987,717055,68,"s","s","220","43","s","Input"
"349","349","349",717163,717223,60,"Space","Space","221","43"," ","Input"
"350","350","350",717883,717943,60,"Backspace","Backspace","220","43"," ","Remove/Cut"
"351","351","351",718554,718614,60,"Backspace","Backspace","219","43","s","Remove/Cut"
"352","352","352",719291,719399,108,"Space","Space","220","43"," ","Input"
"353","353","353",720243,720351,108,"a","a","221","44","a","Input"
"354","354","354",720451,720519,68,"n","n","222","44","n","Input"
"355","355","355",720602,720688,86,"d","d","223","44","d","Input"
"356","356","356",720732,720799,67,"Space","Space","224","44"," ","Input"
"357","357","357",721011,721062,51,"i","i","225","45","i","Input"
"358","358","358",721259,721335,76,"a","a","226","45","a","Input"
"359","359","359",721395,721463,68,"m","m","227","45","m","Input"
"360","360","360",721611,721687,76,"Space","Space","228","45"," ","Input"
"361","361","361",721859,722062,203,"r","r","229","46","r","Input"
"362","362","362",722035,722135,100,"e","e","230","46","e","Input"
"363","363","363",722243,722327,84,"a","a","231","46","a","Input"
"364","364","364",722379,722431,52,"l","l","232","46","l","Input"
"365","365","365",722475,722560,85,"l","l","233","46","l","Input"
"366","366","366",722747,722791,44,"y","y","234","46","y","Input"
"367","367","367",723035,723110,75,"Space","Space","235","46"," ","Input"
"368","368","368",723258,723318,60,"h","h","236","47","h","Input"
"369","369","369",723403,723495,92,"a","a","237","47","a","Input"
"370","370","370",724083,724096,13,"p","p","238","47","p","Input"
"371","371","371",724227,724287,60,"p","p","239","47","p","Input"
"372","372","372",724531,724574,43,"y","y","240","47","y","Input"
"373","373","373",725497,725542,45,".",".","241","47",".","Input"
"374","374","374",727387,727463,76,"Space","Space","242","47"," ","Input"
"375","375","375",750092,750183,91,"Space","Space","243","47"," ","Input"
"376","376","376",751267,751267,0,"Shift","Shift","243","47","NoChange","Nonproduction"
"377","377","377",751467,751542,75,"T","t","244","48","T","Input"
"378","378","378",751707,751766,59,"h","h","245","48","h","Input"
"379","379","379",751835,751927,92,"e","e","246","48","e","Input"
"380","380","380",752019,752070,51,"Space","Space","247","48"," ","Input"
"381","381","381",759717,759807,90,"Backspace","Backspace","246","48"," ","Remove/Cut"
"382","382","382",759899,759974,75,"Backspace","Backspace","245","48","e","Remove/Cut"
"383","383","383",760091,760142,51,"Backspace","Backspace","244","48","h","Remove/Cut"
"384","384","384",760820,760887,67,"Backspace","Backspace","243","47","T","Remove/Cut"
"385","385","385",761724,761724,0,"Shift","Shift","243","47","NoChange","Nonproduction"
"386","386","386",762076,762177,101,"P","p","244","48","P","Input"
"387","387","387",762283,762431,148,"e","e","245","48","e","Input"
"388","388","388",762403,762526,123,"r","r","246","48","r","Input"
"389","389","389",762795,762879,84,"s","s","247","48","s","Input"
"390","390","390",763523,763583,60,"o","o","248","48","o","Input"
"391","391","391",763739,763799,60,"n","n","249","48","n","Input"
"392","392","392",763875,763967,92,"a","a","250","48","a","Input"
"393","393","393",764019,764078,59,"l","l","251","48","l","Input"
"394","394","394",764235,764319,84,"Space","Space","252","48"," ","Input"
"395","395","395",764539,764614,75,"g","g","253","49","g","Input"
"396","396","396",764779,764822,43,"o","o","254","49","o","Input"
"397","397","397",764907,765015,108,"a","a","255","49","a","Input"
"398","398","398",765059,765127,68,"l","l","256","49","l","Input"
"399","399","399",765152,765223,71,"s","s","257","49","s","Input"
"400","400","400",765355,765421,66,"Space","Space","258","49"," ","Input"
"401","401","401",765507,765606,99,"a","a","259","50","a","Input"
"402","402","402",765753,765838,85,"r","r","260","50","r","Input"
"403","403","403",765814,765911,97,"e","e","261","50","e","Input"
"404","404","404",765963,766038,75,"Space","Space","262","50"," ","Input"
"405","405","405",766459,766527,68,"m","m","263","51","m","Input"
"406","406","406",766691,766751,60,"y","y","264","51","y","Input"
"407","407","407",766963,767047,84,"Space","Space","265","51"," ","Input"
"408","408","408",768594,768661,67,"f","f","266","52","f","Input"
"409","409","409",768876,768943,67,"i","i","267","52","i","Input"
"410","410","410",769060,769126,66,"r","r","268","52","r","Input"
"411","411","411",769267,769334,67,"s","s","269","52","s","Input"
"412","412","412",769459,769518,59,"t","t","270","52","t","Input"
"413","413","413",769747,769815,68,"Space","Space","271","52"," ","Input"
"414","414","414",770027,770078,51,"o","o","272","53","o","Input"
"415","415","415",770635,770695,60,"Backspace","Backspace","271","52","o","Remove/Cut"
"416","416","416",771476,771534,58,"p","p","272","53","p","Input"
"417","417","417",771699,771766,67,"r","r","273","53","r","Input"
"418","418","418",772067,772134,67,"i","i","274","53","i","Input"
"419","419","419",772883,772942,59,"o","o","275","53","o","Input"
"420","420","420",773316,773366,50,"r","r","276","53","r","Input"
"421","421","421",773651,773702,51,"i","i","277","53","i","Input"
"422","422","422",773851,773910,59,"t","t","278","53","t","Input"
"423","423","423",773987,774046,59,"y","y","279","53","y","Input"
"424","424","424",774251,774326,75,"Space","Space","280","53"," ","Input"
"425","425","425",775291,775382,91,"b","b","281","54","b","Input"
"426","426","426",775465,775566,101,"e","e","282","54","e","Input"
"427","427","427",775659,775783,124,"c","c","283","54","c","Input"
"428","428","428",776267,776358,91,"a","a","284","54","a","Input"
"429","429","429",776771,776870,99,"u","u","285","54","u","Input"
"430","430","430",777051,777150,99,"s","s","286","54","s","Input"
"431","431","431",777243,777310,67,"e","e","287","54","e","Input"
"432","432","432",777403,777470,67,"Space","Space","288","54"," ","Input"
"433","433","433",777643,777734,91,"a","a","289","55","a","Input"
"434","434","434",778099,778190,91,"c","c","290","55","c","Input"
"435","435","435",778555,778630,75,"h","h","291","55","h","Input"
"436","436","436",778763,778823,60,"i","i","292","55","i","Input"
"437","437","437",778931,779023,92,"e","e","293","55","e","Input"
"438","438","438",779147,779214,67,"v","v","294","55","v","Input"
"439","439","439",779363,779422,59,"i","i","295","55","i","Input"
"440","440","440",779579,779662,83,"n","n","296","55","n","Input"
"441","441","441",779795,779862,67,"g","g","297","55","g","Input"
"442","442","442",780037,780102,65,"Space","Space","298","55"," ","Input"
"443","443","443",780667,780742,75,"t","t","299","56","t","Input"
"444","444","444",780859,780926,67,"h","h","300","56","h","Input"
"445","445","445",781011,781102,91,"e","e","301","56","e","Input"
"446","446","446",781227,781294,67,"Space","Space","302","56"," ","Input"
"447","447","447",781556,781590,34,"t","t","303","57","t","Input"
"448","448","448",782171,782302,131,"Backspace","Backspace","302","56","t","Remove/Cut"
"449","449","449",782475,782510,35,"Backspace","Backspace","301","56"," ","Remove/Cut"
"450","450","450",783347,783438,91,"s","s","302","56","s","Input"
"451","451","451",783523,783598,75,"e","e","303","56","e","Input"
"452","452","452",783715,783798,83,"Space","Space","304","56"," ","Input"
"453","453","453",784043,784086,43,"t","t","305","57","t","Input"
"454","454","454",784149,784230,81,"h","h","306","57","h","Input"
"455","455","455",785246,785309,63,"i","i","307","57","i","Input"
"456","456","456",785523,785598,75,"n","n","308","57","n","Input"
"457","457","457",785763,785822,59,"g","g","309","57","g","Input"
"458","458","458",785907,785991,84,"s","s","310","57","s","Input"
"459","459","459",786083,786143,60,"Space","Space","311","57"," ","Input"
"460","460","460",786971,787022,51,"g","g","312","58","g","Input"
"461","461","461",787219,787278,59,"i","i","313","58","i","Input"
"462","462","462",787419,787534,115,"v","v","314","58","v","Input"
"463","463","463",787585,787685,100,"e","e","315","58","e","Input"
"464","464","464",787682,787765,83,"Space","Space","316","58"," ","Input"
"465","465","465",787932,787997,65,"m","m","317","59","m","Input"
"466","466","466",788026,788111,85,"e","e","318","59","e","Input"
"467","467","467",788202,788285,83,"Space","Space","319","59"," ","Input"
"468","468","468",788460,788510,50,"h","h","320","60","h","Input"
"469","469","469",788556,788654,98,"a","a","321","60","a","Input"
"470","470","470",788796,788837,41,"p","p","322","60","p","Input"
"471","471","471",788947,788989,42,"p","p","323","60","p","Input"
"472","472","472",789171,789222,51,"i","i","324","60","i","Input"
"473","473","473",789396,789445,49,"n","n","325","60","n","Input"
"474","474","474",789564,789646,82,"e","e","326","60","e","Input"
"475","475","475",789755,789830,75,"s","s","327","60","s","Input"
"476","476","476",789956,790023,67,"s","s","328","60","s","Input"
"477","477","477",790939,790982,43,".",".","329","60",".","Input"
"478","478","478",791084,791149,65,"Space","Space","330","60"," ","Input"
"479","479","479",791268,791268,0,"Shift","Shift","330","60","NoChange","Nonproduction"
"480","480","480",791539,791614,75,"I","I","331","61","I","Input"
"481","481","481",791669,791766,97,"A","a","332","61","A","Input"
"482","482","482",792099,792118,19,"Space","Space","333","61"," ","Input"
"483","483","483",792988,793070,82,"Backspace","Backspace","332","61"," ","Remove/Cut"
"484","484","484",793132,793206,74,"Backspace","Backspace","331","61","A","Remove/Cut"
"485","485","485",793907,794006,99,"a","a","332","61","a","Input"
"486","486","486",794707,794765,58,"Space","Space","333","61"," ","Input"
"487","487","487",795138,795182,44,"Backspace","Backspace","332","61"," ","Remove/Cut"
"488","488","488",795284,795333,49,"Backspace","Backspace","331","61","a","Remove/Cut"
"489","489","489",795659,795693,34,"Space","Space","332","61"," ","Input"
"490","490","490",796331,796430,99,"f","f","333","62","f","Input"
"491","491","491",796539,796605,66,"e","e","334","62","e","Input"
"492","492","492",796683,796741,58,"e","e","335","62","e","Input"
"493","493","493",796859,796926,67,"l","l","336","62","l","Input"
"494","494","494",797132,797190,58,"Space","Space","337","62"," ","Input"
"495","495","495",797595,797662,67,"t","t","338","63","t","Input"
"496","496","496",798204,798253,49,"Backspace","Backspace","337","62","t","Remove/Cut"
"497","497","497",799393,799453,60,"g","g","338","63","g","Input"
"498","498","498",799611,799686,75,"o","o","339","63","o","Input"
"499","499","499",799771,799846,75,"o","o","340","63","o","Input"
"500","500","500",799924,800006,82,"d","d","341","63","d","Input"
"501","501","501",800171,800213,42,"Space","Space","342","63"," ","Input"
"502","502","502",801012,801053,41,"Backspace","Backspace","341","63"," ","Remove/Cut"
"503","503","503",801187,801246,59,"Backspace","Backspace","340","63","d","Remove/Cut"
"504","504","504",801340,801415,75,"Backspace","Backspace","339","63","o","Remove/Cut"
"505","505","505",801452,801526,74,"Backspace","Backspace","338","63","o","Remove/Cut"
"506","506","506",803092,803198,106,"Backspace","Backspace","337","62","g","Remove/Cut"
"507","507","507",804117,804181,64,"h","h","338","63","h","Input"
"508","508","508",804307,804414,107,"a","a","339","63","a","Input"
"509","509","509",804804,804870,66,"p","p","340","63","p","Input"
"510","510","510",804979,805045,66,"p","p","341","63","p","Input"
"511","511","511",805268,805326,58,"i","i","342","63","i","Input"
"512","512","512",805523,805597,74,"n","n","343","63","n","Input"
"513","513","513",805716,805782,66,"e","e","344","63","e","Input"
"514","514","514",806075,806142,67,"s","s","345","63","s","Input"
"515","515","515",806227,806285,58,"s","s","346","63","s","Input"
"516","516","516",806435,806502,67,"Space","Space","347","63"," ","Input"
"517","517","517",806660,806750,90,"a","a","348","64","a","Input"
"518","518","518",806804,806869,65,"n","n","349","64","n","Input"
"519","519","519",806979,807037,58,"d","d","350","64","d","Input"
"520","520","520",807139,807189,50,"Space","Space","351","64"," ","Input"
"521","521","521",807747,807821,74,"a","a","352","65","a","Input"
"522","522","522",807988,808062,74,"l","l","353","65","l","Input"
"523","523","523",808123,808214,91,"s","s","354","65","s","Input"
"524","524","524",808252,808302,50,"o","o","355","65","o","Input"
"525","525","525",808507,808598,91,"Space","Space","356","65"," ","Input"
"526","526","526",808740,808798,58,"i","i","357","66","i","Input"
"527","527","527",808995,809037,42,"Space","Space","358","66"," ","Input"
"528","528","528",809131,809254,123,"c","c","359","67","c","Input"
"529","529","529",809284,809389,105,"a","a","360","67","a","Input"
"530","530","530",809371,809421,50,"n","n","361","67","n","Input"
"531","531","531",809908,809965,57,"t","t","362","67","t","Input"
"532","532","532",810420,810477,57,"Backspace","Backspace","361","67","t","Remove/Cut"
"533","533","533",810852,810926,74,"Space","Space","362","67"," ","Input"
"534","534","534",811491,811566,75,"f","f","363","68","f","Input"
"535","535","535",811716,811757,41,"e","e","364","68","e","Input"
"536","536","536",811843,811901,58,"e","e","365","68","e","Input"
"537","537","537",812020,812078,58,"l","l","366","68","l","Input"
"538","538","538",812267,812342,75,"Space","Space","367","68"," ","Input"
"539","539","539",812516,812582,66,"t","t","368","69","t","Input"
"540","540","540",812740,812773,33,"h","h","369","69","h","Input"
"541","541","541",812859,812926,67,"e","e","370","69","e","Input"
"542","542","542",813043,813101,58,"Space","Space","371","69"," ","Input"
"543","543","543",813516,813582,66,"g","g","372","70","g","Input"
"544","544","544",813757,813814,57,"o","o","373","70","o","Input"
"545","545","545",813898,813957,59,"o","o","374","70","o","Input"
"546","546","546",814020,814086,66,"d","d","375","70","d","Input"
"547","547","547",814227,814294,67,"Space","Space","376","70"," ","Input"
"548","548","548",814404,814502,98,"f","f","377","71","f","Input"
"549","549","549",814587,814774,187,"e","e","378","71","e","Input"
"550","550","550",814923,814965,42,"e","e","379","71","e","Input"
"551","551","551",815731,815789,58,"l","l","380","71","l","Input"
"552","552","552",817091,817149,58,".",".","381","71",".","Input"
"553","553","553",817307,817366,59,"Space","Space","382","71"," ","Input"
"554","554","554",817506,817506,0,"Shift","Shift","382","71","NoChange","Nonproduction"
"555","555","555",817780,817862,82,"I","I","383","72","I","Input"
"556","556","556",818083,818125,42,"t","t","384","72","t","Input"
"557","557","557",818275,818358,83,"Space","Space","385","72"," ","Input"
"558","558","558",818540,818589,49,"i","i","386","73","i","Input"
"559","559","559",818691,818757,66,"s","s","387","73","s","Input"
"560","560","560",818883,818950,67,"Space","Space","388","73"," ","Input"
"561","561","561",819511,819573,62,"m","m","389","74","m","Input"
"562","562","562",819787,819846,59,"y","y","390","74","y","Input"
"563","563","563",820085,820125,40,"Space","Space","391","74"," ","Input"
"564","564","564",820435,820485,50,"l","l","392","75","l","Input"
"565","565","565",820604,820669,65,"o","o","393","75","o","Input"
"566","566","566",820843,820909,66,"v","v","394","75","v","Input"
"567","567","567",821020,821118,98,"a","a","395","75","a","Input"
"568","568","568",821259,821326,67,"b","b","396","75","b","Input"
"569","569","569",821524,821581,57,"l","l","397","75","l","Input"
"570","570","570",821676,821733,57,"e","e","398","75","e","Input"
"571","571","571",821875,821941,66,"Space","Space","399","75"," ","Input"
"572","572","572",822196,822262,66,"c","c","400","76","c","Input"
"573","573","573",822395,822453,58,"o","o","401","76","o","Input"
"574","574","574",822780,822845,65,"m","m","402","76","m","Input"
"575","575","575",822995,823070,75,"m","m","403","76","m","Input"
"576","576","576",823604,823653,49,"Backspace","Backspace","402","76","m","Remove/Cut"
"577","577","577",823790,823829,39,"Backspace","Backspace","401","76","m","Remove/Cut"
"578","578","578",824188,824254,66,"Backspace","Backspace","400","76","o","Remove/Cut"
"579","579","579",824740,824781,41,"Backspace","Backspace","399","75","c","Remove/Cut"
"580","580","580",825068,825101,33,"w","w","400","76","w","Input"
"581","581","581",825820,825869,49,"p","p","401","76","p","Input"
"582","582","582",826300,826333,33,"Backspace","Backspace","400","76","p","Remove/Cut"
"583","583","583",827052,827117,65,"o","o","401","76","o","Input"
"584","584","584",827259,827317,58,"r","r","402","76","r","Input"
"585","585","585",827515,827574,59,"k","k","403","76","k","Input"
"586","586","586",827788,827845,57,"Space","Space","404","76"," ","Input"
"587","587","587",827915,828014,99,"a","a","405","77","a","Input"
"588","588","588",828084,828142,58,"n","n","406","77","n","Input"
"589","589","589",828227,828319,92,"d","d","407","77","d","Input"
"590","590","590",828364,828430,66,"Space","Space","408","77"," ","Input"
"591","591","591",828676,828726,50,"i","i","409","78","i","Input"
"592","592","592",828979,829054,75,"t","t","410","78","t","Input"
"593","593","593",829212,829294,82,"Space","Space","411","78"," ","Input"
"594","594","594",829484,829494,10,"i","i","412","79","i","Input"
"595","595","595",829547,829646,99,"s","s","413","79","s","Input"
"596","596","596",829796,829830,34,"Space","Space","414","79"," ","Input"
"597","597","597",830028,830214,186,"r","r","415","80","r","Input"
"598","598","598",830196,830318,122,"e","e","416","80","e","Input"
"599","599","599",830443,830526,83,"a","a","417","80","a","Input"
"600","600","600",830628,830701,73,"k","k","418","80","k","Input"
"601","601","601",830787,830853,66,"k","k","419","80","k","Input"
"602","602","602",831044,831102,58,"y","y","420","80","y","Input"
"603","603","603",831428,831469,41,"Space","Space","421","80"," ","Input"
"604","604","604",831780,831821,41,"Backspace","Backspace","420","80"," ","Remove/Cut"
"605","605","605",831939,831989,50,"Backspace","Backspace","419","80","y","Remove/Cut"
"606","606","606",832124,832165,41,"Backspace","Backspace","418","80","k","Remove/Cut"
"607","607","607",832987,833037,50,"Backspace","Backspace","417","80","k","Remove/Cut"
"608","608","608",833314,833349,35,"l","l","418","80","l","Input"
"609","609","609",833458,833501,43,"l","l","419","80","l","Input"
"610","610","610",833724,833773,49,"y","y","420","80","y","Input"
"611","611","611",834004,834045,41,"Space","Space","421","80"," ","Input"
"612","612","612",838604,838677,73,"e","e","422","81","e","Input"
"613","613","613",838883,838918,35,"n","n","423","81","n","Input"
"614","614","614",839140,839205,65,"j","j","424","81","j","Input"
"615","615","615",839372,839413,41,"o","o","425","81","o","Input"
"616","616","616",839626,839653,27,"y","y","426","81","y","Input"
"617","617","617",839883,839949,66,"m","m","427","81","m","Input"
"618","618","618",840044,840101,57,"e","e","428","81","e","Input"
"619","619","619",840148,840190,42,"n","n","429","81","n","Input"
"620","620","620",840348,840389,41,"y","y","430","81","y","Input"
"621","621","621",841148,841198,50,"Backspace","Backspace","429","81","y","Remove/Cut"
"622","622","622",841940,842013,73,"t","t","430","81","t","Input"
"623","623","623",842283,842325,42,".",".","431","81",".","Input"
"624","624","624",938973,939051,78,"Space","Space","432","81"," ","Input"
"625","625","625",942388,942492,104,"Space","Space","433","81"," ","Input"
"626","626","626",943012,943075,63,"Space","Space","434","81"," ","Input"
"627","627","627",943212,943268,56,"Space","Space","435","81"," ","Input"
"628","628","628",943396,943451,55,"Space","Space","436","81"," ","Input"
"629","629","629",944429,944468,39,"Backspace","Backspace","435","81"," ","Remove/Cut"
"630","630","630",944620,944675,55,"Backspace","Backspace","434","81"," ","Remove/Cut"
"631","631","631",945228,945291,63,"Backspace","Backspace","433","81"," ","Remove/Cut"
"632","632","632",945996,946044,48,"Backspace","Backspace","432","81"," ","Remove/Cut"
"633","633","633",1079895,1079954,59,"r","r","433","82","r","Input"
"634","634","634",1080095,1080203,108,"r","r","434","82","r","Input"
"635","635","635",1080113,1080211,98,"t","t","435","82","t","Input"
"636","636","636",1081614,1081690,76,"Backspace","Backspace","434","82","t","Remove/Cut"
"637","637","637",1082078,1082171,93,"Backspace","Backspace","433","82","r","Remove/Cut"
"638","638","638",1082630,1082707,77,"Backspace","Backspace","432","81","r","Remove/Cut"
"639","639","639",1132761,1132826,65,"Enter","Enter","433","81","\n","Input"
"640","640","640",1133750,1133785,35,"Space","Space","434","81"," ","Input"
"641","641","641",1133922,1133961,39,"Space","Space","435","81"," ","Input"
"642","642","642",1135046,1135046,0,"Shift","Shift","435","81","NoChange","Nonproduction"
"643","643","643",1135342,1135417,75,"I","I","436","82","I","Input"
"644","644","644",1135621,1135689,68,"Space","Space","437","82"," ","Input"
"645","645","645",1135799,1135906,107,"c","c","438","83","c","Input"
"646","646","646",1135944,1136049,105,"a","a","439","83","a","Input"
"647","647","647",1136044,1136096,52,"n","n","440","83","n","Input"
"648","648","648",1136254,1136321,67,"Space","Space","441","83"," ","Input"
"649","649","649",1137263,1137297,34,"Backspace","Backspace","440","83"," ","Remove/Cut"
"650","650","650",1137422,1137474,52,"Backspace","Backspace","439","83","n","Remove/Cut"
"651","651","651",1137573,1137642,69,"Backspace","Backspace","438","83","a","Remove/Cut"
"652","652","652",1138165,1138233,68,"Backspace","Backspace","437","82","c","Remove/Cut"
"653","653","653",1138710,1138785,75,"Backspace","Backspace","436","82"," ","Remove/Cut"
"654","654","654",1139269,1139346,77,"t","t","437","82","t","Input"
"655","655","655",1139893,1139970,77,"Space","Space","438","82"," ","Input"
"656","656","656",1140166,1140217,51,"i","i","439","83","i","Input"
"657","657","657",1140350,1140417,67,"s","s","440","83","s","Input"
"658","658","658",1140557,1140617,60,"Space","Space","441","83"," ","Input"
"659","659","659",1142701,1142835,134,"r","r","442","84","r","Input"
"660","660","660",1142830,1142930,100,"e","e","443","84","e","Input"
"661","661","661",1143045,1143130,85,"a","a","444","84","a","Input"
"662","662","662",1143179,1143225,46,"l","l","445","84","l","Input"
"663","663","663",1143333,1143353,20,"l","l","446","84","l","Input"
"664","664","664",1143581,1143625,44,"y","y","447","84","y","Input"
"665","665","665",1143837,1143897,60,"Space","Space","448","84"," ","Input"
"666","666","666",1144733,1144842,109,"a","a","449","85","a","Input"
"667","667","667",1144989,1145065,76,"w","w","450","85","w","Input"
"668","668","668",1145589,1145673,84,"e","e","451","85","e","Input"
"669","669","669",1146126,1146217,91,"s","s","452","85","s","Input"
"670","670","670",1146318,1146377,59,"o","o","453","85","o","Input"
"671","671","671",1146510,1146577,67,"m","m","454","85","m","Input"
"672","672","672",1146636,1146721,85,"e","e","455","85","e","Input"
"673","673","673",1146774,1146825,51,"Space","Space","456","85"," ","Input"
"674","674","674",1147126,1147209,83,"e","e","457","86","e","Input"
"675","675","675",1147715,1147761,46,"Backspace","Backspace","456","85","e","Remove/Cut"
"676","676","676",1148751,1148792,41,"b","b","457","86","b","Input"
"677","677","677",1148902,1148976,74,"e","e","458","86","e","Input"
"678","678","678",1149126,1149201,75,"c","c","459","86","c","Input"
"679","679","679",1149283,1149425,142,"a","a","460","86","a","Input"
"680","680","680",1149390,1149432,42,"u","u","461","86","u","Input"
"681","681","681",1149493,1149561,68,"s","s","462","86","s","Input"
"682","682","682",1149686,1149736,50,"e","e","463","86","e","Input"
"683","683","683",1149780,1149858,78,"Space","Space","464","86"," ","Input"
"684","684","684",1150092,1150152,60,"i","i","465","87","i","Input"
"685","685","685",1150349,1150416,67,"t","t","466","87","t","Input"
"686","686","686",1150486,1150545,59,"Space","Space","467","87"," ","Input"
"687","687","687",1150750,1150793,43,"g","g","468","88","g","Input"
"688","688","688",1150821,1150913,92,"a","a","469","88","a","Input"
"689","689","689",1151035,1151137,102,"v","v","470","88","v","Input"
"690","690","690",1151187,1151273,86,"e","e","471","88","e","Input"
"691","691","691",1151350,1151408,58,"Space","Space","472","88"," ","Input"
"692","692","692",1151678,1151745,67,"e","e","473","89","e","Input"
"693","693","693",1153094,1153185,91,"Backspace","Backspace","472","88","e","Remove/Cut"
"694","694","694",1153987,1154041,54,"m","m","473","89","m","Input"
"695","695","695",1154190,1154257,67,"r","r","474","89","r","Input"
"696","696","696",1154870,1154913,43,"Backspace","Backspace","473","89","r","Remove/Cut"
"697","697","697",1155253,1155344,91,"e","e","474","89","e","Input"
"698","698","698",1155563,1155616,53,"Space","Space","475","89"," ","Input"
"699","699","699",1161724,1161801,77,"g","g","476","90","g","Input"
"700","700","700",1161981,1162033,52,"o","o","477","90","o","Input"
"701","701","701",1162142,1162184,42,"o","o","478","90","o","Input"
"702","702","702",1162741,1162817,76,"d","d","479","90","d","Input"
"703","703","703",1163053,1163121,68,"Space","Space","480","90"," ","Input"
"704","704","704",1164222,1164321,99,"e","e","481","91","e","Input"
"705","705","705",1164526,1164584,58,"n","n","482","91","n","Input"
"706","706","706",1165353,1165408,55,"o","o","483","91","o","Input"
"707","707","707",1165702,1165737,35,"u","u","484","91","u","Input"
"708","708","708",1166014,1166072,58,"g","g","485","91","g","Input"
"709","709","709",1166164,1166233,69,"h","h","486","91","h","Input"
"710","710","710",1166414,1166473,59,"Space","Space","487","91"," ","Input"
"711","711","711",1167286,1167353,67,"e","e","488","92","e","Input"
"712","712","712",1167582,1167640,58,"n","n","489","92","n","Input"
"713","713","713",1167878,1167937,59,"j","j","490","92","j","Input"
"714","714","714",1168134,1168192,58,"o","o","491","92","o","Input"
"715","715","715",1168510,1168568,58,"y","y","492","92","y","Input"
"716","716","716",1168875,1168937,62,"m","m","493","92","m","Input"
"717","717","717",1169058,1169089,31,"e","e","494","92","e","Input"
"718","718","718",1169141,1169200,59,"n","n","495","92","n","Input"
"719","719","719",1169526,1169568,42,"t","t","496","92","t","Input"
"720","720","720",1169746,1169792,46,".",".","497","92",".","Input"
"721","721","721",1170074,1170153,79,"Space","Space","498","92"," ","Input"
"722","722","722",1170350,1170350,0,"Shift","Shift","498","92","NoChange","Nonproduction"
"723","723","723",1170722,1170792,70,"T","t","499","93","T","Input"
"724","724","724",1170982,1171048,66,"h","h","500","93","h","Input"
"725","725","725",1171182,1171249,67,"i","i","501","93","i","Input"
"726","726","726",1171342,1171409,67,"s","s","502","93","s","Input"
"727","727","727",1171468,1171537,69,"Space","Space","503","93"," ","Input"
"728","728","728",1171702,1171753,51,"i","i","504","94","i","Input"
"729","729","729",1171815,1171888,73,"s","s","505","94","s","Input"
"730","730","730",1171967,1172032,65,"Space","Space","506","94"," ","Input"
"731","731","731",1172246,1172321,75,"t","t","507","95","t","Input"
"732","732","732",1172422,1172473,51,"h","h","508","95","h","Input"
"733","733","733",1172574,1172641,67,"e","e","509","95","e","Input"
"734","734","734",1172734,1172784,50,"Space","Space","510","95"," ","Input"
"735","735","735",1174462,1174538,76,"f","f","511","96","f","Input"
"736","736","736",1174781,1174832,51,"u","u","512","96","u","Input"
"737","737","737",1175046,1175105,59,"n","n","513","96","n","Input"
"738","738","738",1175518,1175584,66,"f","f","514","96","f","Input"
"739","739","739",1176451,1176504,53,"Backspace","Backspace","513","96","f","Remove/Cut"
"740","740","740",1176629,1176680,51,"Backspace","Backspace","512","96","n","Remove/Cut"
"741","741","741",1176790,1176840,50,"Backspace","Backspace","511","96","u","Remove/Cut"
"742","742","742",1176942,1177001,59,"Backspace","Backspace","510","95","f","Remove/Cut"
"743","743","743",1177111,1177176,65,"Backspace","Backspace","509","95"," ","Remove/Cut"
"744","744","744",1177486,1177577,91,"Backspace","Backspace","508","95","e","Remove/Cut"
"745","745","745",1177678,1177753,75,"Backspace","Backspace","507","95","h","Remove/Cut"
"746","746","746",1178375,1178457,82,"Backspace","Backspace","506","94","t","Remove/Cut"
"747","747","747",1179211,1179272,61,"f","f","507","95","f","Input"
"748","748","748",1179496,1179544,48,"u","u","508","95","u","Input"
"749","749","749",1179734,1179792,58,"n","n","509","95","n","Input"
"750","750","750",1180017,1180097,80,"f","f","510","95","f","Input"
"751","751","751",1180285,1180336,51,"i","i","511","95","i","Input"
"752","752","752",1180518,1180569,51,"l","l","512","95","l","Input"
"753","753","753",1180654,1180721,67,"l","l","513","95","l","Input"
"754","754","754",1180857,1180921,64,"e","e","514","95","e","Input"
"755","755","755",1181062,1181105,43,"d","d","515","95","d","Input"
"756","756","756",1181230,1181297,67,"Space","Space","516","95"," ","Input"
"757","757","757",1181454,1181504,50,"a","a","517","96","a","Input"
"758","758","758",1181598,1181649,51,"n","n","518","96","n","Input"
"759","759","759",1181766,1181824,58,"d","d","519","96","d","Input"
"760","760","760",1181923,1181984,61,"Space","Space","520","96"," ","Input"
"761","761","761",1184318,1184376,58,"i","i","521","97","i","Input"
"762","762","762",1185030,1185088,58,"t","t","522","97","t","Input"
"763","763","763",1185277,1185369,92,"Space","Space","523","97"," ","Input"
"764","764","764",1185535,1185584,49,"i","i","524","98","i","Input"
"765","765","765",1185662,1185729,67,"s","s","525","98","s","Input"
"766","766","766",1185838,1185912,74,"Space","Space","526","98"," ","Input"
"767","767","767",1186246,1186408,162,"r","r","527","99","r","Input"
"768","768","768",1186404,1186537,133,"e","e","528","99","e","Input"
"769","769","769",1187335,1187340,5,"Backspace","Backspace","527","99","e","Remove/Cut"
"770","770","770",1187478,1187545,67,"Backspace","Backspace","526","98","r","Remove/Cut"
"771","771","771",1188828,1188897,69,"t","t","527","99","t","Input"
"772","772","772",1189016,1189089,73,"h","h","528","99","h","Input"
"773","773","773",1189198,1189273,75,"e","e","529","99","e","Input"
"774","774","774",1189350,1189425,75,"Space","Space","530","99"," ","Input"
"775","775","775",1189565,1189640,75,"b","b","531","100","b","Input"
"776","776","776",1189699,1189769,70,"e","e","532","100","e","Input"
"777","777","777",1189882,1189953,71,"s","s","533","100","s","Input"
"778","778","778",1190141,1190184,43,"t","t","534","100","t","Input"
"779","779","779",1190508,1190568,60,",",",","535","100",",","Input"
"780","780","780",1191286,1191344,58,"Backspace","Backspace","534","100",",","Remove/Cut"
"781","781","781",1192390,1192424,34,".",".","535","100",".","Input"
"782","782","782",1192510,1192568,58,"Space","Space","536","100"," ","Input"
"783","783","783",1192726,1192726,0,"Shift","Shift","536","100","NoChange","Nonproduction"
"784","784","784",1193012,1193073,61,"t","t","537","101","t","Input"
"785","785","785",1193218,1193281,63,"h","h","538","101","h","Input"
"786","786","786",1193427,1193480,53,"i","i","539","101","i","Input"
"787","787","787",1193575,1193640,65,"s","s","540","101","s","Input"
"788","788","788",1193711,1193776,65,"Space","Space","541","101"," ","Input"
"789","789","789",1194078,1194161,83,"w","w","542","102","w","Input"
"790","790","790",1194246,1194297,51,"o","o","543","102","o","Input"
"791","791","791",1194399,1194465,66,"r","r","544","102","r","Input"
"792","792","792",1194647,1194720,73,"k","k","545","102","k","Input"
"793","793","793",1195398,1195489,91,"s","s","546","102","s","Input"
"794","794","794",1195789,1195840,51,"Space","Space","547","102"," ","Input"
"795","795","795",1196742,1196857,115,"m","m","548","103","m","Input"
"796","796","796",1196904,1196985,81,"e","e","549","103","e","Input"
"797","797","797",1197142,1197208,66,"Space","Space","550","103"," ","Input"
"798","798","798",1208486,1208585,99,"Backspace","Backspace","549","103"," ","Remove/Cut"
"799","799","799",1208850,1208961,111,"Backspace","Backspace","548","103","e","Remove/Cut"
"800","800","800",1209222,1209280,58,"Backspace","Backspace","547","102","m","Remove/Cut"
"801","801","801",1211015,1211097,82,"m","m","548","103","m","Input"
"802","802","802",1211255,1211401,146,"a","a","549","103","a","Input"
"803","803","803",1211840,1211896,56,"k","k","550","103","k","Input"
"804","804","804",1212026,1212097,71,"e","e","551","103","e","Input"
"805","805","805",1212255,1212288,33,"Space","Space","552","103"," ","Input"
"806","806","806",1212445,1212529,84,"m","m","553","104","m","Input"
"807","807","807",1212565,1212616,51,"e","e","554","104","e","Input"
"808","808","808",1212766,1212832,66,"Space","Space","555","104"," ","Input"
"809","809","809",1213153,1213208,55,"h","h","556","105","h","Input"
"810","810","810",1213363,1213441,78,"a","a","557","105","a","Input"
"811","811","811",1213550,1213584,34,"p","p","558","105","p","Input"
"812","812","812",1213670,1213728,58,"p","p","559","105","p","Input"
"813","813","813",1214036,1214064,28,"y","y","560","105","y","Input"
"814","814","814",1335044,1335095,51,"Space","Space","561","105"," ","Input"
"815","815","815",1336562,1336631,69,"Backspace","Backspace","560","105"," ","Remove/Cut"
"816","816","816",1338035,1338079,44,".",".","561","105",".","Input"
"817","817","817",1338232,1338296,64,"Space","Space","562","105"," ","Input"
"818","818","818",1338472,1338472,0,"Shift","Shift","562","105","NoChange","Nonproduction"
"819","819","819",1338777,1338839,62,"T","t","563","106","T","Input"
"820","820","820",1339052,1339120,68,"h","h","564","106","h","Input"
"821","821","821",1340008,1340064,56,"Backspace","Backspace","563","106","h","Remove/Cut"
"822","822","822",1340536,1340591,55,"Backspace","Backspace","562","105","T","Remove/Cut"
"823","823","823",1343314,1343424,110,"Space","Space","563","105"," ","Input"
"824","824","824",1346047,1346136,89,"a","a","564","106","a","Input"
"825","825","825",1346505,1346576,71,"t","t","565","106","t","Input"
"826","826","826",1346704,1346767,63,"t","t","566","106","t","Input"
"827","827","827",1347738,1347824,86,"e","e","567","106","e","Input"
"828","828","828",1348048,1348095,47,"n","n","568","106","n","Input"
"829","829","829",1348850,1348903,53,"Backspace","Backspace","567","106","n","Remove/Cut"
"830","830","830",1349472,1349568,96,"Backspace","Backspace","566","106","e","Remove/Cut"
"831","831","831",1349717,1349808,91,"Backspace","Backspace","565","106","t","Remove/Cut"
"832","832","832",1350018,1350120,102,"Backspace","Backspace","564","106","t","Remove/Cut"
"833","833","833",1350473,1350511,38,"Backspace","Backspace","563","105","a","Remove/Cut"
"834","834","834",1350904,1350904,0,"Shift","Shift","563","105","NoChange","Nonproduction"
"835","835","835",1351568,1351568,0,"Shift","Shift","563","105","NoChange","Nonproduction"
"836","836","836",1351776,1351839,63,"D","d","564","106","D","Input"
"837","837","837",1352060,1352128,68,"o","o","565","106","o","Input"
"838","838","838",1352312,1352367,55,"i","i","566","106","i","Input"
"839","839","839",1352567,1352640,73,"n","n","567","106","n","Input"
"840","840","840",1352792,1352839,47,"g","g","568","106","g","Input"
"841","841","841",1354576,1354615,39,"Space","Space","569","106"," ","Input"
"842","842","842",1354803,1354855,52,"l","l","570","107","l","Input"
"843","843","843",1355000,1355047,47,"o","o","571","107","o","Input"
"844","844","844",1355226,1355296,70,"t","t","572","107","t","Input"
"845","845","845",1356416,1356528,112,"s","s","573","107","s","Input"
"846","846","846",1356663,1356727,64,"Space","Space","574","107"," ","Input"
"847","847","847",1357270,1357318,48,"o","o","575","108","o","Input"
"848","848","848",1357496,1357543,47,"f","f","576","108","f","Input"
"849","849","849",1357704,1357751,47,"Space","Space","577","108"," ","Input"
"850","850","850",1357995,1358056,61,"w","w","578","109","w","Input"
"851","851","851",1358184,1358223,39,"o","o","579","109","o","Input"
"852","852","852",1358376,1358456,80,"r","r","580","109","r","Input"
"853","853","853",1358640,1358712,72,"k","k","581","109","k","Input"
"854","854","854",1358984,1359030,46,"Space","Space","582","109"," ","Input"
"855","855","855",1362100,1362249,149,"r","r","583","110","r","Input"
"856","856","856",1362247,1362343,96,"e","e","584","110","e","Input"
"857","857","857",1362474,1362552,78,"l","l","585","110","l","Input"
"858","858","858",1362494,1362567,73,"a","a","586","110","a","Input"
"859","859","859",1362824,1362879,55,"t","t","587","110","t","Input"
"860","860","860",1363016,1363070,54,"e","e","588","110","e","Input"
"861","861","861",1363203,1363232,29,"d","d","589","110","d","Input"
"862","862","862",1363368,1363423,55,"Space","Space","590","110"," ","Input"
"863","863","863",1363552,1363664,112,"a","a","591","111","a","Input"
"864","864","864",1363840,1363920,80,"c","c","592","111","c","Input"
"865","865","865",1365056,1365128,72,"h","h","593","111","h","Input"
"866","866","866",1366091,1366135,44,"i","i","594","111","i","Input"
"867","867","867",1366253,1366336,83,"e","e","595","111","e","Input"
"868","868","868",1366609,1366654,45,"v","v","596","111","v","Input"
"869","869","869",1366951,1367024,73,"i","i","597","111","i","Input"
"870","870","870",1367248,1367311,63,"n","n","598","111","n","Input"
"871","871","871",1367488,1367534,46,"g","g","599","111","g","Input"
"872","872","872",1367821,1367863,42,"Space","Space","600","111"," ","Input"
"873","873","873",1390101,1390190,89,"m","m","601","112","m","Input"
"874","874","874",1390414,1390453,39,"y","y","602","112","y","Input"
"875","875","875",1390702,1390774,72,"Space","Space","603","112"," ","Input"
"876","876","876",1390943,1390989,46,"g","g","604","113","g","Input"
"877","877","877",1391366,1391414,48,"o","o","605","113","o","Input"
"878","878","878",1391679,1391726,47,"a","a","606","113","a","Input"
"879","879","879",1391773,1391837,64,"l","l","607","113","l","Input"
"880","880","880",1392040,1392102,62,"s","s","608","113","s","Input"
"881","881","881",1392260,1392309,49,"Space","Space","609","113"," ","Input"
"882","882","882",1394792,1394845,53,"m","m","610","114","m","Input"
"883","883","883",1394944,1395031,87,"a","a","611","114","a","Input"
"884","884","884",1395069,1395110,41,"k","k","612","114","k","Input"
"885","885","885",1395272,1395309,37,"e","e","613","114","e","Input"
"886","886","886",1395440,1395494,54,"Space","Space","614","114"," ","Input"
"887","887","887",1395759,1395829,70,"m","m","615","115","m","Input"
"888","888","888",1395968,1396038,70,"e","e","616","115","e","Input"
"889","889","889",1396184,1396213,29,"Space","Space","617","115"," ","Input"
"890","890","890",1399224,1399285,61,"e","e","618","116","e","Input"
"891","891","891",1399503,1399582,79,"n","n","619","116","n","Input"
"892","892","892",1399839,1399894,55,"g","g","620","116","g","Input"
"893","893","893",1400064,1400222,158,"e","e","621","116","e","Input"
"894","894","894",1400194,1400270,76,"r","r","622","116","r","Input"
"895","895","895",1400780,1400805,25,"t","t","623","116","t","Input"
"896","896","896",1400993,1401029,36,"i","i","624","116","i","Input"
"897","897","897",1401160,1401221,61,"c","c","625","116","c","Input"
"898","898","898",1401431,1401477,46,"Space","Space","626","116"," ","Input"
"899","899","899",1401890,1401974,84,"a","a","627","117","a","Input"
"900","900","900",1402624,1402638,14,"Backspace","Backspace","626","116","a","Remove/Cut"
"901","901","901",1402966,1403013,47,"Backspace","Backspace","625","116"," ","Remove/Cut"
"902","902","902",1403791,1403845,54,"Backspace","Backspace","624","116","c","Remove/Cut"
"903","903","903",1404119,1404165,46,"c","c","625","116","c","Input"
"904","904","904",1404374,1404421,47,"Space","Space","626","116"," ","Input"
"905","905","905",1407215,1407302,87,"a","a","627","117","a","Input"
"906","906","906",1407664,1407717,53,"d","d","628","117","d","Input"
"907","907","907",1408952,1408997,45,"Backspace","Backspace","627","117","d","Remove/Cut"
"908","908","908",1409360,1409397,37,"n","n","628","117","n","Input"
"909","909","909",1409517,1409565,48,"d","d","629","117","d","Input"
"910","910","910",1409698,1409749,51,"Space","Space","630","117"," ","Input"
"911","911","911",1409936,1409973,37,"h","h","631","118","h","Input"
"912","912","912",1410086,1410158,72,"a","a","632","118","a","Input"
"913","913","913",1410320,1410357,37,"p","p","633","118","p","Input"
"914","914","914",1410464,1410517,53,"p","p","634","118","p","Input"
"915","915","915",1411453,1411517,64,"Backspace","Backspace","633","118","p","Remove/Cut"
"916","916","916",1411631,1411702,71,"Backspace","Backspace","632","118","p","Remove/Cut"
"917","917","917",1411808,1411862,54,"Backspace","Backspace","631","118","a","Remove/Cut"
"918","918","918",1412661,1412709,48,"Backspace","Backspace","630","117","h","Remove/Cut"
"919","919","919",1413632,1413693,61,"e","e","631","118","e","Input"
"920","920","920",1414096,1414142,46,"Backspace","Backspace","630","117","e","Remove/Cut"
"921","921","921",1415125,1415182,57,"j","j","631","118","j","Input"
"922","922","922",1415415,1415478,63,"o","o","632","118","o","Input"
"923","923","923",1415720,1415757,37,"y","y","633","118","y","Input"
"924","924","924",1416200,1416245,45,".",".","634","118",".","Input"
"925","925","925",1417303,1417414,111,"Enter","Enter","635","118","\n","Input"
"926","926","926",1418177,1418221,44,"Space","Space","636","118"," ","Input"
"927","927","927",1418379,1418413,34,"Space","Space","637","118"," ","Input"
"928","928","928",1418616,1418661,45,"Space","Space","638","118"," ","Input"
"929","929","929",1419235,1419253,18,"Space","Space","639","118"," ","Input"
"930","930","930",1420728,1420742,14,"Backspace","Backspace","638","118"," ","Remove/Cut"
"931","931","931",1424038,1424149,111,"Leftclick","Leftclick","0","118","NoChange","Nonproduction"
"932","932","932",1424699,1424974,275,"Space","Space","1","118"," ","Input"
"933","933","933",1425232,1425326,94,"Space","Space","2","118"," ","Input"
"934","934","934",1425528,1425662,134,"Space","Space","3","118"," ","Input"
"935","935","935",1427354,1427492,138,"Leftclick","Leftclick","635","118","NoChange","Nonproduction"
"936","936","936",1427946,1428028,82,"Leftclick","Leftclick","637","118","NoChange","Nonproduction"
"937","937","937",1429023,1429077,54,"Enter","Enter","638","118","\n","Input"
"938","938","938",1429797,1429845,48,"Space","Space","639","118"," ","Input"
"939","939","939",1429948,1430038,90,"Space","Space","640","118"," ","Input"
"940","940","940",1430119,1430214,95,"Space","Space","641","118"," ","Input"
"941","941","941",1435658,1435663,5,"Backspace","Backspace","640","118"," ","Remove/Cut"
"942","942","942",1436268,1436334,66,"Space","Space","641","118"," ","Input"
"943","943","943",1571744,1571804,60,"Enter","Enter","642","118","\n","Input"
"944","944","944",1573327,1573388,61,"Backspace","Backspace","641","118","\n","Remove/Cut"
"945","945","945",1669148,1669186,38,"Backspace","Backspace","640","118"," ","Remove/Cut"
"946","946","946",1670674,1670699,25,"Space","Space","641","118"," ","Input"
"947","947","947",1727724,1727724,0,"Shift","Shift","641","118","NoChange","Nonproduction"
"948","948","948",1727965,1728042,77,"T","t","642","119","T","Input"
"949","949","949",1728208,1728258,50,"h","h","643","119","h","Input"
"950","950","950",1728382,1728434,52,"e","e","644","119","e","Input"
"951","951","951",1728508,1728562,54,"Space","Space","645","119"," ","Input"
"952","952","952",1728774,1728835,61,"m","m","646","120","m","Input"
"953","953","953",1728994,1729042,48,"o","o","647","120","o","Input"
"954","954","954",1729155,1729235,80,"s","s","648","120","s","Input"
"955","955","955",1729387,1729426,39,"t","t","649","120","t","Input"
"956","956","956",1729697,1729746,49,"Space","Space","650","120"," ","Input"
"957","957","957",1730756,1730819,63,"i","i","651","121","i","Input"
"958","958","958",1730987,1731067,80,"m","m","652","121","m","Input"
"959","959","959",1731227,1731299,72,"p","p","653","121","p","Input"
"960","960","960",1731432,1731547,115,"r","r","654","121","r","Input"
"961","961","961",1731619,1731707,88,"t","t","655","121","t","Input"
"962","962","962",1731845,1731931,86,"a","a","656","121","a","Input"
"963","963","963",1731987,1732034,47,"n","n","657","121","n","Input"
"964","964","964",1732144,1732194,50,"t","t","658","121","t","Input"
"965","965","965",1732233,1732299,66,"Space","Space","659","121"," ","Input"
"966","966","966",1732472,1732508,36,"i","i","660","122","i","Input"
"967","967","967",1732643,1732682,39,"n","n","661","122","n","Input"
"968","968","968",1732805,1732867,62,"Space","Space","662","122"," ","Input"
"969","969","969",1732987,1733034,47,"t","t","663","123","t","Input"
"970","970","970",1733108,1733138,30,"h","h","664","123","h","Input"
"971","971","971",1733251,1733314,63,"e","e","665","123","e","Input"
"972","972","972",1733380,1733434,54,"Space","Space","666","123"," ","Input"
"973","973","973",1733762,1733843,81,"w","w","667","124","w","Input"
"974","974","974",1734325,1734395,70,"o","o","668","124","o","Input"
"975","975","975",1735027,1735098,71,"r","r","669","124","r","Input"
"976","976","976",1735267,1735290,23,"k","k","670","124","k","Input"
"977","977","977",1735803,1735826,23,"Backspace","Backspace","669","124","k","Remove/Cut"
"978","978","978",1736603,1736642,39,"l","l","670","124","l","Input"
"979","979","979",1736817,1736842,25,"d","d","671","124","d","Input"
"980","980","980",1736963,1737035,72,"Space","Space","672","124"," ","Input"
"981","981","981",1737339,1737402,63,"i","i","673","125","i","Input"
"982","982","982",1737532,1737603,71,"s","s","674","125","s","Input"
"983","983","983",1737747,1737811,64,"Space","Space","675","125"," ","Input"
"984","984","984",1738299,1738346,47,"p","p","676","126","p","Input"
"985","985","985",1738597,1738650,53,"u","u","677","126","u","Input"
"986","986","986",1738865,1738931,66,"r","r","678","126","r","Input"
"987","987","987",1739074,1739138,64,"s","s","679","126","s","Input"
"988","988","988",1739244,1739290,46,"i","i","680","126","i","Input"
"989","989","989",1740810,1740858,48,"Backspace","Backspace","679","126","i","Remove/Cut"
"990","990","990",1742332,1742394,62,"i","i","680","126","i","Input"
"991","991","991",1742569,1742635,66,"n","n","681","126","n","Input"
"992","992","992",1742811,1742850,39,"g","g","682","126","g","Input"
"993","993","993",1743053,1743106,53,"Space","Space","683","126"," ","Input"
